{"stats":{"minecraft:picked_up":{"techreborn:raw_tin":23,"minecraft:crafting_table":3,"modern_industrialization:lignite_coal":41,"modern_industrialization:raw_antimony":8,"minecraft:oak_log":12,"promenade:blunite":12,"minecraft:gunpowder":1,"bewitchment:aconite_seeds":2,"minecraft:lapis_lazuli":9,"minecraft:dirt":1,"minecraft:string":1,"minecraft:zombie_head":1,"minecraft:apple":1,"techreborn:raw_silver":5,"minecraft:wheat_seeds":1,"minecraft:iron_ingot":5,"minecraft:beef":2,"minecraft:stone_pickaxe":1,"fishofthieves:earthworms":1,"minecraft:poppy":1,"minecraft:iron_pickaxe":1,"twigs:twig":1,"minecraft:furnace":1,"minecraft:raw_iron":26,"minecraft:torch":1,"techreborn:ruby_gem":6,"bewitchment:salt":3,"powah:uraninite_raw":5,"techreborn:sapphire_gem":26,"techreborn:red_garnet_gem":3,"techreborn:peridot_gem":13,"minecraft:stone_sword":1,"minecraft:arrow":2,"modern_industrialization:raw_nickel":6,"minecraft:rotten_flesh":1,"soulsweapons:verglas":1,"minecraft:emerald":1,"modern_industrialization:raw_lead":24,"minecraft:oak_sapling":3,"minecraft:coal":78,"minecraft:skeleton_skull":1,"minecraft:cobblestone":121},"minecraft:used":{"minecraft:stone_sword":11,"minecraft:stone_pickaxe":113,"minecraft:wooden_pickaxe":12,"minecraft:shield":1,"minecraft:torch":93,"techreborn:sapphire_sword":20,"minecraft:crafting_table":4,"minecraft:bread":8,"minecraft:iron_pickaxe":215,"minecraft:stone_axe":10,"minecraft:cobblestone":34,"minecraft:furnace":1,"minecraft:oak_sapling":1},"minecraft:killed":{"minecraft:spider":1,"minecraft:skeleton":1,"minecraft:zombie":1,"friendsandfoes:moobloom":3},"minecraft:mined":{"techreborn:sapphire_ore":19,"promenade:blunite":6,"minecraft:crafting_table":4,"minecraft:emerald_ore":1,"modern_industrialization:lead_ore":24,"modern_industrialization:nickel_ore":7,"modern_industrialization:lignite_coal_ore":41,"minecraft:cobblestone":8,"minecraft:lapis_ore":1,"minecraft:wall_torch":1,"techreborn:tin_ore":23,"supplementaries:urn":2,"techreborn:silver_ore":5,"minecraft:furnace":1,"techreborn:ruby_ore":6,"minecraft:iron_ore":26,"modern_industrialization:antimony_ore":8,"treechop:chopped_log":2,"indrev:lead_ore":3,"minecraft:grass":7,"minecraft:coal_ore":40,"bewitchment:salt_ore":1,"minecraft:dirt":1,"powah:uraninite_ore_poor":5,"minecraft:stone":111,"soulsweapons:verglas_ore":1},"minecraft:crafted":{"minecraft:oak_planks":48,"techreborn:sapphire_chestplate":1,"minecraft:crafting_table":1,"minecraft:wooden_pickaxe":1,"minecraft:furnace":1,"minecraft:stone_axe":1,"techreborn:sapphire_sword":1,"minecraft:air":0,"minecraft:stick":48,"minecraft:iron_ingot":17,"minecraft:iron_pickaxe":2,"minecraft:stone_pickaxe":1,"minecraft:torch":92},"minecraft:custom":{"minecraft:interact_with_furnace":8,"minecraft:mob_kills":6,"minecraft:interact_with_crafting_table":11,"minecraft:leave_game":6,"minecraft:time_since_death":27657,"minecraft:sleep_in_bed":2,"minecraft:climb_one_cm":825,"minecraft:damage_resisted":0,"minecraft:hex":0,"minecraft:time_since_rest":27718,"minecraft:sprint_one_cm":74505,"minecraft:damage_taken":707,"minecraft:walk_one_cm":190301,"minecraft:damage_blocked_by_shield":10,"minecraft:drop":19,"minecraft:damage_dealt":915,"minecraft:talked_to_villager":5,"minecraft:fly_one_cm":73677,"minecraft:open_chest":20,"minecraft:crouch_one_cm":7602,"minecraft:play_time":61219,"minecraft:deaths":1,"minecraft:sneak_time":2119,"minecraft:jump":698,"minecraft:walk_on_water_one_cm":4151,"minecraft:total_world_time":61219,"minecraft:fall_one_cm":17096},"minecraft:killed_by":{"minecraft:skeleton":1},"minecraft:dropped":{"minecraft:wheat_seeds":1,"bewitchment:salt":3,"minecraft:stone_sword":2,"bewitchment:aconite_seeds":2,"minecraft:poppy":1,"fishofthieves:earthworms":1,"promenade:blunite":12,"minecraft:oak_sapling":2,"minecraft:wooden_pickaxe":1,"minecraft:stone_pickaxe":2,"minecraft:iron_pickaxe":1,"twigs:twig":1},"minecraft:broken":{"minecraft:iron_pickaxe":1}},"DataVersion":3465}