{"stats":{"minecraft:picked_up":{"modern_industrialization:lignite_coal":4,"minecraft:crafting_table":2,"minecraft:oak_log":12,"bewitchment:aconite_seeds":2,"minecraft:apple":1,"minecraft:wheat_seeds":1,"minecraft:beef":2,"minecraft:iron_ingot":5,"minecraft:poppy":1,"minecraft:oak_sapling":3,"twigs:twig":1,"minecraft:cobblestone":12},"minecraft:used":{"minecraft:stone_sword":11,"minecraft:bread":4,"minecraft:stone_pickaxe":7,"minecraft:wooden_pickaxe":12,"minecraft:stone_axe":8,"minecraft:cobblestone":3,"minecraft:crafting_table":2,"minecraft:oak_sapling":1},"minecraft:killed":{"friendsandfoes:moobloom":3},"minecraft:mined":{"treechop:chopped_log":2,"minecraft:crafting_table":2,"minecraft:grass":7,"modern_industrialization:lignite_coal_ore":4,"minecraft:cobblestone":1,"minecraft:stone":12},"minecraft:crafted":{"minecraft:oak_planks":48,"minecraft:crafting_table":1,"minecraft:stick":8,"minecraft:wooden_pickaxe":1,"minecraft:stone_pickaxe":1,"minecraft:torch":8,"minecraft:stone_axe":1},"minecraft:custom":{"minecraft:time_since_rest":15636,"minecraft:sprint_one_cm":42099,"minecraft:damage_taken":143,"minecraft:walk_one_cm":38063,"minecraft:mob_kills":3,"minecraft:drop":6,"minecraft:damage_dealt":301,"minecraft:talked_to_villager":5,"minecraft:interact_with_crafting_table":3,"minecraft:fly_one_cm":44417,"minecraft:open_chest":20,"minecraft:crouch_one_cm":3041,"minecraft:play_time":20836,"minecraft:sneak_time":618,"minecraft:jump":206,"minecraft:leave_game":1,"minecraft:time_since_death":20836,"minecraft:walk_on_water_one_cm":1931,"minecraft:sleep_in_bed":2,"minecraft:climb_one_cm":522,"minecraft:total_world_time":20836,"minecraft:damage_resisted":0,"minecraft:hex":0,"minecraft:fall_one_cm":4267},"minecraft:dropped":{"bewitchment:aconite_seeds":2,"minecraft:poppy":1,"minecraft:wheat_seeds":1,"minecraft:oak_sapling":1,"twigs:twig":1}},"DataVersion":3465}