{"stats":{"minecraft:picked_up":{"modern_industrialization:lignite_coal":41,"minecraft:crafting_table":3,"modern_industrialization:raw_antimony":7,"minecraft:oak_log":12,"minecraft:gunpowder":1,"bewitchment:aconite_seeds":2,"minecraft:dirt":1,"minecraft:apple":1,"minecraft:wheat_seeds":1,"minecraft:iron_ingot":5,"minecraft:beef":2,"minecraft:stone_pickaxe":1,"fishofthieves:earthworms":1,"minecraft:poppy":1,"twigs:twig":1,"minecraft:furnace":1,"minecraft:raw_iron":21,"minecraft:torch":1,"techreborn:ruby_gem":2,"bewitchment:salt":3,"techreborn:sapphire_gem":21,"techreborn:red_garnet_gem":1,"techreborn:peridot_gem":11,"minecraft:stone_sword":1,"minecraft:arrow":2,"soulsweapons:verglas":1,"minecraft:emerald":1,"modern_industrialization:raw_lead":6,"minecraft:oak_sapling":3,"minecraft:coal":78,"minecraft:skeleton_skull":1,"minecraft:cobblestone":84},"minecraft:used":{"minecraft:stone_sword":11,"minecraft:stone_pickaxe":113,"minecraft:shield":1,"minecraft:wooden_pickaxe":12,"minecraft:torch":54,"techreborn:sapphire_sword":8,"minecraft:crafting_table":3,"minecraft:bread":5,"minecraft:iron_pickaxe":101,"minecraft:stone_axe":9,"minecraft:cobblestone":26,"minecraft:oak_sapling":1,"minecraft:furnace":1},"minecraft:killed":{"minecraft:skeleton":1,"friendsandfoes:moobloom":3},"minecraft:mined":{"techreborn:sapphire_ore":15,"minecraft:crafting_table":3,"minecraft:emerald_ore":1,"modern_industrialization:lead_ore":6,"modern_industrialization:lignite_coal_ore":41,"minecraft:cobblestone":8,"minecraft:wall_torch":1,"minecraft:furnace":1,"techreborn:ruby_ore":2,"minecraft:iron_ore":21,"modern_industrialization:antimony_ore":7,"treechop:chopped_log":2,"minecraft:grass":7,"minecraft:coal_ore":40,"bewitchment:salt_ore":1,"minecraft:dirt":1,"minecraft:stone":79,"soulsweapons:verglas_ore":1},"minecraft:crafted":{"minecraft:oak_planks":48,"techreborn:sapphire_chestplate":1,"minecraft:crafting_table":1,"minecraft:wooden_pickaxe":1,"minecraft:furnace":1,"minecraft:stone_axe":1,"techreborn:sapphire_sword":1,"minecraft:air":0,"minecraft:stick":32,"minecraft:iron_ingot":17,"minecraft:iron_pickaxe":1,"minecraft:stone_pickaxe":1,"minecraft:torch":92},"minecraft:custom":{"minecraft:interact_with_furnace":8,"minecraft:mob_kills":4,"minecraft:interact_with_crafting_table":10,"minecraft:leave_game":4,"minecraft:time_since_death":13184,"minecraft:sleep_in_bed":2,"minecraft:climb_one_cm":825,"minecraft:damage_resisted":0,"minecraft:hex":0,"minecraft:time_since_rest":13245,"minecraft:sprint_one_cm":66629,"minecraft:damage_taken":529,"minecraft:walk_one_cm":130966,"minecraft:damage_blocked_by_shield":10,"minecraft:drop":15,"minecraft:damage_dealt":596,"minecraft:talked_to_villager":5,"minecraft:fly_one_cm":60619,"minecraft:open_chest":20,"minecraft:crouch_one_cm":6566,"minecraft:play_time":46746,"minecraft:deaths":1,"minecraft:sneak_time":1828,"minecraft:jump":505,"minecraft:walk_on_water_one_cm":1931,"minecraft:total_world_time":46746,"minecraft:fall_one_cm":11044},"minecraft:killed_by":{"minecraft:skeleton":1},"minecraft:dropped":{"minecraft:wheat_seeds":1,"bewitchment:salt":3,"minecraft:stone_sword":2,"bewitchment:aconite_seeds":2,"minecraft:poppy":1,"minecraft:oak_sapling":2,"minecraft:stone_pickaxe":2,"minecraft:wooden_pickaxe":1,"twigs:twig":1}},"DataVersion":3465}