{"stats":{"minecraft:picked_up":{"minecraft:crafting_table":2,"modern_industrialization:lignite_coal":41,"minecraft:raw_iron":13,"minecraft:oak_log":12,"techreborn:sapphire_gem":6,"bewitchment:aconite_seeds":2,"techreborn:peridot_gem":4,"minecraft:apple":1,"minecraft:wheat_seeds":1,"minecraft:stone_pickaxe":1,"minecraft:beef":2,"minecraft:iron_ingot":5,"soulsweapons:verglas":1,"minecraft:poppy":1,"minecraft:oak_sapling":3,"twigs:twig":1,"minecraft:coal":40,"minecraft:cobblestone":31},"minecraft:used":{"minecraft:stone_sword":11,"minecraft:stone_pickaxe":113,"minecraft:bread":4,"minecraft:iron_pickaxe":8,"minecraft:wooden_pickaxe":12,"minecraft:stone_axe":8,"minecraft:torch":15,"minecraft:cobblestone":14,"minecraft:crafting_table":3,"minecraft:furnace":1,"minecraft:oak_sapling":1},"minecraft:killed":{"friendsandfoes:moobloom":3},"minecraft:mined":{"techreborn:sapphire_ore":4,"minecraft:iron_ore":13,"treechop:chopped_log":2,"minecraft:crafting_table":2,"minecraft:grass":7,"minecraft:coal_ore":40,"modern_industrialization:lignite_coal_ore":41,"minecraft:cobblestone":5,"minecraft:stone":27,"soulsweapons:verglas_ore":1},"minecraft:crafted":{"minecraft:oak_planks":48,"minecraft:crafting_table":1,"minecraft:stick":16,"minecraft:wooden_pickaxe":1,"minecraft:iron_ingot":4,"minecraft:iron_pickaxe":1,"minecraft:stone_pickaxe":1,"minecraft:furnace":1,"minecraft:torch":24,"minecraft:stone_axe":1,"minecraft:air":0},"minecraft:custom":{"minecraft:time_since_rest":1245,"minecraft:interact_with_furnace":3,"minecraft:sprint_one_cm":44863,"minecraft:damage_taken":405,"minecraft:walk_one_cm":71039,"minecraft:mob_kills":3,"minecraft:drop":8,"minecraft:damage_dealt":301,"minecraft:interact_with_crafting_table":8,"minecraft:talked_to_villager":5,"minecraft:fly_one_cm":46444,"minecraft:open_chest":20,"minecraft:crouch_one_cm":5623,"minecraft:play_time":34746,"minecraft:deaths":1,"minecraft:sneak_time":1580,"minecraft:jump":283,"minecraft:leave_game":4,"minecraft:time_since_death":1184,"minecraft:walk_on_water_one_cm":1931,"minecraft:sleep_in_bed":2,"minecraft:hex":0,"minecraft:total_world_time":34746,"minecraft:climb_one_cm":825,"minecraft:damage_resisted":0,"minecraft:fall_one_cm":7023},"minecraft:killed_by":{"minecraft:skeleton":1},"minecraft:dropped":{"bewitchment:aconite_seeds":2,"minecraft:poppy":1,"minecraft:wheat_seeds":1,"minecraft:oak_sapling":2,"minecraft:stone_pickaxe":1,"twigs:twig":1}},"DataVersion":3465}