{"stats":{"minecraft:picked_up":{"minecraft:oak_log":6,"twigs:twig":1,"minecraft:apple":1,"minecraft:oak_sapling":1},"minecraft:used":{"minecraft:oak_sapling":1},"minecraft:mined":{"minecraft:grass":1,"treechop:chopped_log":1},"minecraft:custom":{"minecraft:jump":74,"minecraft:time_since_rest":3636,"minecraft:damage_dealt":9,"minecraft:leave_game":1,"minecraft:play_time":8836,"minecraft:sprint_one_cm":19467,"minecraft:damage_taken":67,"minecraft:time_since_death":8836,"minecraft:walk_one_cm":9816,"minecraft:sleep_in_bed":2,"minecraft:climb_one_cm":522,"minecraft:total_world_time":8836,"minecraft:hex":0,"minecraft:fall_one_cm":954,"minecraft:fly_one_cm":13317}},"DataVersion":3465}