{"stats":{"minecraft:picked_up":{"minecraft:wheat":137,"minecraft:smithing_table":8,"minecraft:stone_slab":6,"minecraft:gilded_blackstone":26,"minecraft:stone_brick_stairs":1,"friendsandfoes:buttercup":19,"minecraft:brewing_stand":1,"minecraft:string":948,"minecraft:soul_soil":1,"create:limestone":4,"minecraft:shroomlight":1,"minecraft:beetroot":1,"minecraft:sea_pickle":2,"minecraft:gold_nugget":10,"twigs:pebble":75,"comforts:sleeping_bag_white":16,"minecraft:spruce_planks":2,"minecraft:cobblestone_slab":12,"minecraft:coal_block":90,"minecraft:furnace":6,"minecraft:stick":8,"minecraft:composter":2,"minecraft:torch":5,"minecraft:green_bed":47,"minecraft:porkchop":3,"minecraft:diorite":2,"minecraft:rotten_flesh":42,"travelersbackpack:chicken":1,"minecraft:obsidian":4,"minecraft:cobblestone":668,"minecraft:nautilus_shell":1,"minecraft:magma_block":1,"minecraft:feather":2,"minecraft:brown_wool":1,"minecraft:smoker":5,"minecraft:potato":526,"herbalbrews:tea_blossom":10,"minecraft:flint":15,"minecraft:stripped_spruce_wood":44,"minecraft:wither_skeleton_skull":1,"minecraft:dirt":362,"minecraft:lantern":1,"minecraft:bone":5,"minecraft:orange_tulip":4,"minecraft:wheat_seeds":537,"minecraft:bell":4,"ftbquests:book":1,"fishofthieves:earthworms":45,"minecraft:fletching_table":13,"twigs:twig":133,"minecraft:stone_hoe":9,"minecraft:oak_planks":11,"minecraft:music_disc_13":1,"minecraft:poisonous_potato":4,"minecraft:lily_of_the_valley":4,"minecraft:spruce_boat":10,"minecraft:writable_book":1,"minecraft:granite":12,"minecraft:spruce_sign":1,"minecraft:emerald":124,"immersive_armors:divine_helmet":3,"minecraft:oak_sapling":35,"minecraft:charcoal":2,"minecraft:crafting_table":4,"minecraft:allium":159,"minecraft:chicken":1,"minecraft:ladder":7,"minecraft:brown_mushroom":4,"minecraft:gold_block":1,"ad_astra:sky_stone":6,"minecraft:oak_trapdoor":1,"minecraft:blue_orchid":1,"minecraft:beef":28,"minecraft:andesite_stairs":2,"minecraft:oak_boat":18,"minecraft:poppy":11,"minecraft:lectern":143,"minecraft:spruce_slab":1,"minecraft:minecart":17,"minecraft:chest":4,"minecraft:birch_sapling":3,"minecraft:raw_iron":37,"fwaystones:waystone":2,"minecraft:light_blue_bed":2,"minecraft:arrow":10,"bewitchment:garlic":12,"minecraft:hay_block":89,"minecraft:mutton":13,"minecraft:bone_block":62,"minecraft:white_wool":10,"minecraft:skeleton_skull":2,"minecraft:rail":45,"minecraft:basalt":1,"minecraft:tripwire_hook":1,"minecraft:leather":23,"minecraft:red_mushroom":27,"minecraft:oak_log":80,"regions_unexplored:red_maple_sapling":2,"bewitchment:aconite_seeds":13,"minecraft:stone_bricks":2,"minecraft:apple":3,"bewitchment:mandrake_seeds":8,"minecraft:spruce_wood":206,"minecraft:iron_ingot":35,"minecraft:stripped_oak_wood":3,"minecraft:book":21,"minecraft:sweet_berries":4,"vinery:taiga_grape_seeds_red":3,"minecraft:gravel":102,"bewitchment:belladonna_seeds":11,"bewitchment:salt":10,"minecraft:spruce_sapling":167,"minecraft:blast_furnace":5,"minecraft:green_carpet":1,"minecraft:spruce_log":1108,"minecraft:crying_obsidian":11,"minecraft:spider_eye":4,"travelersbackpack:standard":1,"regions_unexplored:maple_log":10,"minecraft:baked_potato":24,"minecraft:black_wool":1,"minecraft:coal":446,"minecraft:hopper":13},"minecraft:used":{"fwaystones:waystone":1,"minecraft:iron_shovel":647,"minecraft:poppy":2,"minecraft:ladder":5,"minecraft:chest":45,"minecraft:shield":6,"minecraft:iron_sword":211,"minecraft:bell":4,"minecraft:rotten_flesh":2,"minecraft:music_disc_13":1,"minecraft:spruce_boat":10,"archers:mechanic_shortbow":2,"minecraft:furnace":6,"minecraft:oak_sapling":2,"minecraft:potato":268,"minecraft:stripped_spruce_wood":2,"friendsandfoes:buttercup":1,"minecraft:stone_pickaxe":127,"minecraft:oak_planks":72,"minecraft:wooden_pickaxe":33,"minecraft:composter":1,"minecraft:diamond_axe":178,"minecraft:white_wool":5,"minecraft:blast_furnace":6,"minecraft:bread":67,"minecraft:string":2,"minecraft:lectern":141,"minecraft:gravel":90,"minecraft:diamond_sword":396,"minecraft:grindstone":1,"minecraft:smithing_table":8,"minecraft:oak_boat":17,"minecraft:bone_meal":310,"minecraft:oak_trapdoor":4,"minecraft:stone_sword":77,"spellbladenext:monkeystaff":25,"minecraft:spruce_planks":6,"minecraft:torch":106,"minecraft:dirt":351,"minecraft:anvil":1,"minecraft:hopper":2,"minecraft:iron_hoe":116,"minecraft:iron_axe":454,"minecraft:minecart":17,"comforts:sleeping_bag_white":16,"minecraft:cooked_beef":16,"minecraft:wheat_seeds":176,"minecraft:cooked_mutton":13,"minecraft:water_bucket":43,"minecraft:fletching_table":15,"minecraft:green_bed":44,"minecraft:cobblestone_slab":22,"minecraft:rail":47,"paladins:holy_wand":1,"minecraft:crafting_table":5,"justhammers:diamond_hammer":11,"travelersbackpack:chicken":3,"minecraft:smoker":5,"justhammers:iron_hammer":67,"minecraft:diamond_pickaxe":12,"minecraft:iron_pickaxe":426,"minecraft:spruce_sapling":80,"minecraft:stone_axe":62,"twigs:twig":1,"minecraft:cobblestone":611,"travelersbackpack:standard":4,"minecraft:cooked_porkchop":6,"minecraft:bucket":43},"minecraft:killed":{"minecraft:cave_spider":2,"minecraft:spider":7,"naturalist:boar":1,"minecraft:skeleton":3,"minecraft:chicken":1,"minecraft:zombie_villager":1,"minecraft:iron_golem":9,"minecraft:sheep":10,"minecraft:pillager":1,"minecraft:zombie":29,"minecraft:drowned":1,"graveyard:ghoul":3,"friendsandfoes:moobloom":19,"minecraft:villager":2},"minecraft:mined":{"minecraft:spruce_planks":1,"minecraft:andesite_stairs":1,"minecraft:brewing_stand":1,"vinery:taiga_grape_bush_red":1,"minecraft:grass_block":229,"twigs:twig":1,"minecraft:coal_block":11,"minecraft:composter":2,"minecraft:hopper":12,"minecraft:gilded_blackstone":1,"minecraft:spawner":4,"comforts:sleeping_bag_white":1,"minecraft:magma_block":1,"minecraft:iron_ore":33,"minecraft:fletching_table":12,"minecraft:dirt_path":2,"minecraft:green_carpet":1,"minecraft:blue_orchid":1,"create:limestone":1,"minecraft:tripwire":1,"minecraft:green_bed":69,"minecraft:smoker":6,"minecraft:torch":1,"minecraft:blast_furnace":5,"minecraft:poppy":2,"minecraft:chest":4,"minecraft:cobblestone":226,"friendsandfoes:buttercup":18,"minecraft:oak_planks":3,"minecraft:wall_torch":1,"minecraft:skeleton_skull":2,"minecraft:wheat":174,"minecraft:orange_tulip":4,"minecraft:stone_brick_stairs":1,"minecraft:grass":531,"minecraft:dirt":104,"minecraft:wither_skeleton_skull":1,"minecraft:oak_leaves":5,"minecraft:ladder":2,"minecraft:allium":118,"minecraft:spruce_leaves":13,"minecraft:hay_block":89,"minecraft:oak_trapdoor":1,"minecraft:furnace":6,"treechop:chopped_log":30,"minecraft:gold_block":1,"minecraft:bell":4,"minecraft:bookshelf":7,"minecraft:potatoes":155,"minecraft:shroomlight":1,"minecraft:cobblestone_slab":12,"minecraft:rail":45,"minecraft:stone":52,"minecraft:bone_block":62,"ad_astra:sky_stone":2,"minecraft:white_wool":2,"minecraft:podzol":25,"minecraft:smithing_table":8,"twigs:pebble":4,"minecraft:lily_of_the_valley":4,"minecraft:basalt":1,"travelersbackpack:standard":1,"minecraft:crafting_table":4,"minecraft:lectern":141,"minecraft:stone_slab":3,"minecraft:tall_grass":74,"minecraft:diorite":2,"minecraft:light_blue_bed":1,"minecraft:spruce_log":1,"minecraft:yellow_bed":4,"minecraft:coal_ore":50,"minecraft:gravel":117,"minecraft:stone_bricks":2,"minecraft:fern":6},"minecraft:custom":{"lootr:looted_stat":47,"minecraft:animals_bred":91,"minecraft:interact_with_crafting_table":71,"minecraft:bell_ring":479,"minecraft:leave_game":13,"minecraft:time_since_death":640976,"minecraft:damage_resisted":0,"minecraft:sprint_one_cm":1060683,"minecraft:damage_blocked_by_shield":260,"minecraft:drop":135,"minecraft:talked_to_villager":584,"minecraft:play_time":655607,"minecraft:deaths":2,"minecraft:jump":7565,"minecraft:walk_on_water_one_cm":39756,"minecraft:interact_with_furnace":31,"minecraft:play_record":1,"minecraft:traded_with_villager":499,"minecraft:sleep_in_bed":39,"minecraft:damage_dealt":23247,"minecraft:crouch_one_cm":80139,"minecraft:interact_with_smoker":16,"minecraft:horse_one_cm":254,"minecraft:interact_with_smithing_table":5,"minecraft:interact_with_anvil":2,"minecraft:mob_kills":92,"minecraft:inspect_hopper":4,"minecraft:damage_dealt_resisted":0,"minecraft:climb_one_cm":40530,"minecraft:walk_one_cm":1864427,"minecraft:sneak_time":23346,"minecraft:walk_under_water_one_cm":9219,"minecraft:boat_one_cm":21784,"minecraft:interact_with_blast_furnace":15,"minecraft:total_world_time":655607,"minecraft:interact_with_grindstone":1,"minecraft:hex":0,"minecraft:time_since_rest":24861,"minecraft:damage_taken":4771,"minecraft:minecart_one_cm":437,"minecraft:swim_one_cm":20700,"minecraft:fly_one_cm":1509156,"minecraft:open_chest":314,"minecraft:fall_one_cm":197977},"minecraft:crafted":{"minecraft:grindstone":1,"minecraft:smooth_stone":3,"minecraft:oak_planks":332,"minecraft:cobblestone_slab":18,"regions_unexplored:maple_planks":40,"minecraft:stone":6,"minecraft:cooked_mutton":13,"minecraft:diamond_leggings":2,"minecraft:iron_boots":17,"justhammers:diamond_hammer":1,"minecraft:chest":43,"minecraft:rail":16,"minecraft:stone_hoe":15,"travelersbackpack:iron_tier_upgrade":1,"minecraft:emerald":388,"minecraft:cooked_porkchop":6,"minecraft:diamond_axe":1,"minecraft:crafting_table":1,"minecraft:spruce_planks":3488,"minecraft:baked_potato":271,"minecraft:wooden_pickaxe":1,"minecraft:iron_helmet":24,"travelersbackpack:standard":1,"minecraft:smithing_table":1,"minecraft:fletching_table":4,"minecraft:iron_chestplate":1,"minecraft:diamond_pickaxe":1,"minecraft:shield":13,"minecraft:stone_slab":6,"minecraft:stick":6656,"minecraft:iron_ingot":37,"minecraft:iron_pickaxe":1,"minecraft:iron_block":3,"minecraft:stone_sword":1,"minecraft:gold_ingot":9,"minecraft:shears":1,"minecraft:coal":396,"comforts:sleeping_bag_white":1,"minecraft:furnace":1,"minecraft:blast_furnace":1,"minecraft:bone_meal":567,"minecraft:oak_trapdoor":4,"minecraft:iron_axe":3,"minecraft:ladder":3,"minecraft:spruce_slab":6,"minecraft:iron_hoe":1,"minecraft:stone_pickaxe":24,"minecraft:diamond_boots":2,"mcda:champions_armor_chestplate":1,"minecraft:minecart":1,"minecraft:wheat":800,"minecraft:cooked_beef":28,"minecraft:diamond_sword":1,"minecraft:iron_sword":1,"minecraft:bucket":1,"minecraft:stone_axe":1,"minecraft:enchanted_book":1,"minecraft:bread":159,"minecraft:air":0,"minecraft:oak_boat":1,"justhammers:iron_hammer":1,"minecraft:chainmail_boots":9,"minecraft:flint":10,"minecraft:iron_leggings":1,"minecraft:iron_shovel":5,"minecraft:anvil":1,"minecraft:torch":176},"minecraft:killed_by":{"mutantmonsters:mutant_skeleton":2},"minecraft:dropped":{"minecraft:birch_planks":1,"minecraft:baked_potato":103,"immersive_armors:divine_helmet":1,"travelersbackpack:standard":1,"minecraft:red_mushroom":7,"ftbquests:book":1,"twigs:twig":3,"minecraft:birch_sapling":2,"minecraft:rotten_flesh":5,"minecraft:oak_planks":27,"justhammers:iron_hammer":1,"minecraft:poppy":4,"minecraft:leather_chestplate":1,"minecraft:chest":1,"minecraft:ladder":2,"indrev:module_color_red":1,"minecraft:arrow":2,"minecraft:stone_brick_stairs":1,"minecraft:lectern":2,"minecraft:bread":94,"minecraft:wheat_seeds":5,"minecraft:iron_helmet":1,"minecraft:feather":2,"minecraft:cobblestone":6,"minecraft:book":11,"minecraft:granite":6,"minecraft:brown_wool":1,"minecraft:map":1,"minecraft:tripwire_hook":1,"minecraft:spruce_sapling":8,"minecraft:sweet_berries":2,"minecraft:filled_map":2,"minecraft:potato":7,"minecraft:spruce_planks":129,"minecraft:iron_chestplate":1,"minecraft:oak_boat":2,"minecraft:oak_sapling":28,"minecraft:andesite_stairs":2,"minecraft:stone_bricks":1,"minecraft:spruce_log":1,"minecraft:light_blue_bed":2,"minecraft:black_wool":1},"minecraft:broken":{"minecraft:iron_shovel":2,"minecraft:stone_pickaxe":1,"minecraft:stone_axe":1,"minecraft:iron_sword":1,"minecraft:iron_axe":2,"minecraft:iron_pickaxe":1,"immersive_armors:divine_helmet":1}},"DataVersion":3465}