{"stats":{"minecraft:picked_up":{"minecraft:birch_log":5,"regions_unexplored:peat_dirt":1,"minecraft:iron_chestplate":1,"modern_industrialization:lignite_coal":15,"minecraft:allium":15,"minecraft:basalt":2,"minecraft:redstone_block":1,"botania:black_double_flower":1,"minecraft:brown_mushroom":1,"minecraft:smoker":5,"minecraft:red_mushroom":2,"minecraft:oak_log":6,"bewitchment:aconite_seeds":2,"minecraft:dirt":222,"minecraft:string":1499,"botania:black_mystical_flower":3,"minecraft:soul_soil":1,"immersive_melodies:lute":1,"minecraft:wheat_seeds":5,"minecraft:iron_ingot":1,"twigs:pebble":2,"bewitchment:mandrake_seeds":1,"minecraft:beef":3,"regions_unexplored:pink_bioshroom":1,"minecraft:oak_boat":14,"fishofthieves:earthworms":24,"twigs:twig":2,"minecraft:poppy":3,"minecraft:fletching_table":1,"minecraft:spruce_slab":15,"minecraft:oak_planks":27,"minecraft:raw_iron":5,"botania:yellow_mystical_flower":1,"minecraft:green_bed":20,"justhammers:iron_hammer":1,"bewitchment:belladonna_seeds":1,"minecraft:white_bed":2,"minecraft:grass_block":1,"minecraft:redstone":7,"minecraft:spider_eye":2,"travelersbackpack:standard":1,"minecraft:rotten_flesh":21,"bewitchment:garlic":2,"minecraft:spruce_boat":4,"minecraft:spruce_sign":2,"minecraft:spruce_button":3,"minecraft:bread":29,"bewitchment:ectoplasm":2,"minecraft:coal":176,"minecraft:cobblestone":72,"minecraft:ender_pearl":1},"minecraft:used":{"minecraft:water_bucket":48,"minecraft:stone_sword":114,"minecraft:cobblestone_stairs":2,"minecraft:stone_shovel":269,"minecraft:spruce_slab":19,"minecraft:oak_planks":29,"minecraft:oak_sign":3,"botania:yellow_mystical_flower":1,"minecraft:chest":1,"minecraft:spruce_sign":8,"minecraft:wooden_shovel":30,"minecraft:green_bed":18,"minecraft:iron_chestplate":1,"minecraft:dirt":224,"minecraft:hopper":1,"minecraft:white_bed":5,"regions_unexplored:pink_bioshroom":1,"minecraft:smoker":5,"justhammers:iron_hammer":29,"minecraft:spruce_boat":5,"minecraft:lava_bucket":2,"minecraft:bread":23,"minecraft:string":1,"minecraft:spruce_button":9,"minecraft:barrel":3,"minecraft:stone_axe":54,"minecraft:cobblestone":67,"travelersbackpack:standard":2,"minecraft:bucket":49,"minecraft:oak_boat":14,"twigs:pebble":1},"minecraft:killed":{"minecraft:spider":3,"bewitchment:ghost":1,"minecraft:zombie":13,"minecraft:cow":1,"minecraft:enderman":1},"minecraft:mined":{"twigs:pebble":2,"minecraft:white_bed":2,"minecraft:smoker":5,"regions_unexplored:pink_bioshroom_block":1,"minecraft:spruce_button":3,"minecraft:allium":6,"minecraft:grass_block":169,"regions_unexplored:peat_grass_block":1,"minecraft:spruce_wall_sign":1,"minecraft:oak_planks":28,"botania:black_double_flower":1,"minecraft:tall_grass":3,"minecraft:soul_campfire":1,"minecraft:cobblestone":8,"minecraft:red_mushroom":1,"minecraft:spruce_sign":1,"minecraft:large_fern":1,"minecraft:birch_log":5,"treechop:chopped_log":1,"minecraft:fletching_table":1,"minecraft:grass":30,"minecraft:dirt_path":4,"minecraft:vine":1,"minecraft:dirt":48,"minecraft:tripwire":1,"minecraft:spruce_slab":16,"minecraft:green_bed":3,"minecraft:fern":1},"minecraft:custom":{"minecraft:interact_with_furnace":1,"minecraft:mob_kills":22,"minecraft:traded_with_villager":21,"minecraft:interact_with_crafting_table":18,"minecraft:open_barrel":1,"minecraft:bell_ring":21,"minecraft:damage_resisted":0,"minecraft:damage_dealt_resisted":0,"minecraft:leave_game":7,"minecraft:time_since_death":112312,"minecraft:climb_one_cm":1226,"minecraft:sleep_in_bed":5,"minecraft:hex":0,"minecraft:time_since_rest":13264,"minecraft:sprint_one_cm":229451,"minecraft:damage_taken":663,"minecraft:walk_one_cm":306120,"minecraft:drop":40,"minecraft:damage_dealt":3699,"minecraft:swim_one_cm":1338,"minecraft:talked_to_villager":29,"minecraft:fly_one_cm":454656,"minecraft:open_chest":56,"minecraft:crouch_one_cm":25906,"minecraft:play_time":112312,"minecraft:sneak_time":6636,"minecraft:walk_under_water_one_cm":2462,"minecraft:boat_one_cm":46124,"minecraft:jump":1994,"minecraft:walk_on_water_one_cm":11224,"minecraft:total_world_time":112312,"minecraft:interact_with_smoker":4,"minecraft:fall_one_cm":39438},"minecraft:crafted":{"minecraft:wooden_shovel":1,"minecraft:oak_sign":3,"minecraft:oak_planks":24,"minecraft:stone_shovel":2,"minecraft:barrel":3,"minecraft:emerald":21,"minecraft:spruce_sign":6,"minecraft:spruce_button":6,"minecraft:cobblestone_stairs":4,"minecraft:birch_planks":20,"minecraft:air":0,"minecraft:white_wool":3,"minecraft:spruce_slab":12,"minecraft:stick":12,"minecraft:chest":1,"minecraft:white_bed":3,"minecraft:spruce_boat":2},"minecraft:dropped":{"minecraft:brown_mushroom":1,"minecraft:soul_soil":1,"minecraft:wheat_seeds":9,"minecraft:green_bed":2,"minecraft:orange_tulip":4,"minecraft:cobblestone":13,"minecraft:rotten_flesh":7,"minecraft:fletching_table":1,"minecraft:red_mushroom":2,"bewitchment:aconite_seeds":2,"minecraft:dirt":11,"bewitchment:mandrake_seeds":1,"minecraft:allium":5,"fishofthieves:earthworms":18,"bewitchment:garlic":2,"minecraft:spider_eye":2,"minecraft:string":472,"twigs:twig":2},"minecraft:broken":{"minecraft:stone_shovel":2}},"DataVersion":3465}