{"stats":{"minecraft:picked_up":{"modern_industrialization:lignite_coal":15,"minecraft:iron_chestplate":1,"minecraft:allium":15,"minecraft:redstone_block":1,"minecraft:brown_mushroom":1,"botania:black_double_flower":1,"minecraft:string":1502,"minecraft:soul_soil":1,"immersive_melodies:lute":1,"twigs:pebble":2,"minecraft:beef":3,"minecraft:oak_boat":14,"minecraft:poppy":4,"minecraft:spruce_slab":15,"minecraft:raw_iron":5,"minecraft:green_bed":20,"botania:yellow_mystical_flower":1,"minecraft:redstone":7,"bewitchment:garlic":2,"minecraft:rotten_flesh":23,"minecraft:cobblestone":73,"minecraft:birch_log":5,"regions_unexplored:peat_dirt":1,"minecraft:basalt":2,"minecraft:red_mushroom":2,"minecraft:smoker":5,"minecraft:oak_log":6,"bewitchment:aconite_seeds":2,"minecraft:dirt":227,"botania:black_mystical_flower":3,"minecraft:wheat_seeds":5,"bewitchment:mandrake_seeds":1,"minecraft:iron_ingot":6,"regions_unexplored:pink_bioshroom":1,"fishofthieves:earthworms":27,"minecraft:fletching_table":1,"twigs:twig":2,"minecraft:oak_planks":32,"minecraft:oak_slab":3,"justhammers:iron_hammer":1,"bewitchment:belladonna_seeds":1,"minecraft:white_bed":2,"minecraft:grass_block":1,"minecraft:spider_eye":2,"travelersbackpack:standard":1,"minecraft:spruce_boat":5,"minecraft:spruce_button":3,"minecraft:spruce_sign":2,"minecraft:bread":29,"bewitchment:ectoplasm":2,"minecraft:coal":176,"minecraft:ender_pearl":1},"minecraft:used":{"minecraft:stone_sword":131,"minecraft:spruce_slab":19,"minecraft:stone_shovel":269,"minecraft:oak_sign":3,"minecraft:chest":1,"minecraft:wooden_shovel":35,"minecraft:stone_hoe":8,"minecraft:iron_chestplate":1,"minecraft:dirt":229,"minecraft:hopper":1,"minecraft:spruce_boat":6,"minecraft:lava_bucket":2,"minecraft:iron_axe":4,"minecraft:spruce_button":9,"minecraft:barrel":3,"minecraft:water_bucket":48,"minecraft:cobblestone_stairs":2,"minecraft:oak_planks":34,"botania:yellow_mystical_flower":1,"minecraft:spruce_sign":8,"minecraft:green_bed":18,"minecraft:oak_slab":3,"minecraft:white_bed":5,"regions_unexplored:pink_bioshroom":1,"minecraft:smoker":5,"justhammers:iron_hammer":29,"minecraft:bread":26,"minecraft:string":1,"minecraft:stone_axe":66,"minecraft:cobblestone":67,"travelersbackpack:standard":2,"minecraft:bucket":50,"minecraft:oak_boat":14,"twigs:pebble":1},"minecraft:killed":{"minecraft:spider":3,"bewitchment:ghost":1,"minecraft:iron_golem":1,"minecraft:zombie":13,"minecraft:enderman":2,"minecraft:cow":1},"minecraft:mined":{"minecraft:white_bed":2,"regions_unexplored:pink_bioshroom_block":1,"minecraft:allium":6,"minecraft:grass_block":171,"minecraft:soul_campfire":1,"botania:black_double_flower":1,"minecraft:red_mushroom":1,"minecraft:large_fern":1,"treechop:chopped_log":1,"minecraft:fletching_table":1,"minecraft:vine":1,"minecraft:dirt_path":6,"minecraft:spruce_slab":16,"minecraft:green_bed":3,"minecraft:tripwire":1,"minecraft:oak_slab":2,"twigs:pebble":2,"minecraft:smoker":5,"minecraft:spruce_button":3,"regions_unexplored:peat_grass_block":1,"minecraft:spruce_wall_sign":1,"minecraft:cobblestone":8,"minecraft:tall_grass":3,"minecraft:oak_planks":34,"minecraft:spruce_sign":1,"minecraft:birch_log":5,"minecraft:grass":30,"minecraft:dirt":51,"minecraft:fern":1},"minecraft:custom":{"minecraft:mob_kills":25,"minecraft:interact_with_crafting_table":18,"minecraft:open_barrel":1,"minecraft:bell_ring":21,"minecraft:damage_dealt_resisted":0,"minecraft:leave_game":7,"minecraft:time_since_death":124312,"minecraft:climb_one_cm":1969,"minecraft:damage_resisted":0,"minecraft:sprint_one_cm":256663,"minecraft:walk_one_cm":329766,"minecraft:drop":48,"minecraft:talked_to_villager":29,"minecraft:play_time":124312,"minecraft:sneak_time":8146,"minecraft:walk_under_water_one_cm":2462,"minecraft:boat_one_cm":46168,"minecraft:jump":2222,"minecraft:walk_on_water_one_cm":11224,"minecraft:total_world_time":124312,"minecraft:interact_with_furnace":1,"minecraft:traded_with_villager":21,"minecraft:sleep_in_bed":8,"minecraft:hex":0,"minecraft:time_since_rest":3636,"minecraft:damage_taken":753,"minecraft:damage_dealt":4971,"minecraft:swim_one_cm":1338,"minecraft:fly_one_cm":495136,"minecraft:open_chest":63,"minecraft:crouch_one_cm":26222,"minecraft:interact_with_smoker":4,"minecraft:fall_one_cm":42608},"minecraft:crafted":{"minecraft:oak_planks":24,"minecraft:barrel":3,"minecraft:stone_shovel":2,"minecraft:oak_sign":3,"minecraft:spruce_button":6,"minecraft:cobblestone_stairs":4,"minecraft:iron_axe":1,"minecraft:spruce_slab":12,"minecraft:chest":1,"minecraft:spruce_boat":2,"minecraft:stone_hoe":1,"minecraft:oak_slab":6,"minecraft:wooden_shovel":1,"minecraft:emerald":21,"minecraft:spruce_sign":6,"minecraft:birch_planks":20,"minecraft:air":0,"justhammers:iron_hammer":1,"minecraft:white_wool":3,"minecraft:stick":16,"minecraft:white_bed":3},"minecraft:dropped":{"minecraft:brown_mushroom":1,"minecraft:wheat_seeds":9,"minecraft:orange_tulip":4,"minecraft:cobblestone":13,"minecraft:fletching_table":1,"minecraft:red_mushroom":2,"bewitchment:aconite_seeds":2,"minecraft:dirt":11,"bewitchment:garlic":2,"minecraft:string":474,"twigs:twig":2,"minecraft:soul_soil":1,"minecraft:green_bed":2,"minecraft:rotten_flesh":9,"minecraft:poppy":1,"bewitchment:mandrake_seeds":1,"fishofthieves:earthworms":21,"minecraft:allium":5,"minecraft:spider_eye":2},"minecraft:broken":{"minecraft:stone_sword":1,"minecraft:stone_axe":1,"minecraft:stone_shovel":2}},"DataVersion":3465}