{"stats":{"minecraft:picked_up":{"modern_industrialization:lignite_coal":15,"minecraft:iron_chestplate":1,"minecraft:allium":19,"minecraft:redstone_block":1,"minecraft:brown_mushroom":1,"botania:black_double_flower":1,"minecraft:string":1502,"minecraft:soul_soil":1,"immersive_melodies:lute":1,"twigs:pebble":3,"minecraft:beef":3,"minecraft:oak_boat":14,"minecraft:lectern":2,"minecraft:poppy":4,"minecraft:spruce_slab":15,"minecraft:raw_iron":5,"minecraft:green_bed":20,"botania:yellow_mystical_flower":1,"minecraft:redstone":7,"botania:white_mystical_flower":1,"bewitchment:garlic":2,"minecraft:rotten_flesh":23,"minecraft:cobblestone":77,"minecraft:birch_log":5,"regions_unexplored:peat_dirt":1,"minecraft:basalt":2,"minecraft:red_mushroom":2,"minecraft:smoker":5,"minecraft:oak_log":13,"bewitchment:aconite_seeds":2,"minecraft:dirt":331,"botania:black_mystical_flower":3,"minecraft:wheat_seeds":9,"bewitchment:mandrake_seeds":1,"minecraft:iron_ingot":6,"regions_unexplored:pink_bioshroom":1,"fishofthieves:earthworms":36,"minecraft:fletching_table":1,"twigs:twig":2,"minecraft:oak_planks":45,"minecraft:book":11,"minecraft:oak_slab":19,"justhammers:iron_hammer":1,"bewitchment:belladonna_seeds":2,"minecraft:white_bed":2,"minecraft:grass_block":1,"minecraft:spider_eye":2,"travelersbackpack:standard":1,"minecraft:spruce_boat":5,"minecraft:spruce_button":3,"minecraft:spruce_sign":2,"minecraft:bread":29,"bewitchment:ectoplasm":2,"minecraft:oak_sapling":1,"minecraft:coal":176,"minecraft:ender_pearl":1},"minecraft:used":{"minecraft:iron_shovel":106,"minecraft:stone_sword":131,"minecraft:spruce_slab":19,"minecraft:stone_shovel":269,"minecraft:oak_sign":3,"minecraft:chest":1,"minecraft:wooden_shovel":36,"minecraft:stone_hoe":17,"minecraft:iron_chestplate":1,"minecraft:dirt":230,"minecraft:hopper":1,"minecraft:carrot":2,"minecraft:spruce_boat":6,"minecraft:lava_bucket":2,"minecraft:iron_axe":59,"minecraft:spruce_button":9,"minecraft:barrel":3,"minecraft:water_bucket":56,"minecraft:cobblestone_stairs":2,"minecraft:oak_planks":49,"botania:yellow_mystical_flower":1,"minecraft:spruce_sign":8,"minecraft:green_bed":18,"minecraft:oak_slab":26,"minecraft:white_bed":5,"regions_unexplored:pink_bioshroom":1,"minecraft:smoker":5,"justhammers:iron_hammer":29,"minecraft:bread":27,"minecraft:string":1,"minecraft:lectern":2,"minecraft:stone_axe":66,"minecraft:cobblestone":67,"travelersbackpack:standard":2,"minecraft:bucket":58,"minecraft:oak_boat":14,"twigs:pebble":1},"minecraft:killed":{"minecraft:spider":3,"bewitchment:ghost":1,"minecraft:skeleton":1,"minecraft:iron_golem":2,"minecraft:zombie":13,"minecraft:enderman":2,"minecraft:cow":1},"minecraft:mined":{"minecraft:white_bed":2,"minecraft:farmland":1,"regions_unexplored:pink_bioshroom_block":1,"minecraft:allium":6,"minecraft:grass_block":258,"minecraft:soul_campfire":1,"botania:black_double_flower":1,"minecraft:red_mushroom":1,"minecraft:large_fern":1,"treechop:chopped_log":2,"minecraft:fletching_table":1,"minecraft:vine":1,"minecraft:dirt_path":6,"minecraft:spruce_slab":16,"minecraft:green_bed":3,"minecraft:tripwire":1,"minecraft:oak_slab":18,"twigs:pebble":2,"minecraft:smoker":5,"minecraft:spruce_button":3,"regions_unexplored:peat_grass_block":1,"minecraft:lectern":1,"minecraft:spruce_wall_sign":1,"minecraft:cobblestone":8,"minecraft:tall_grass":3,"minecraft:oak_planks":49,"minecraft:spruce_sign":1,"minecraft:birch_log":5,"botania:white_mystical_flower":1,"minecraft:grass":35,"minecraft:dirt":67,"minecraft:fern":1},"minecraft:custom":{"minecraft:mob_kills":27,"minecraft:interact_with_crafting_table":23,"minecraft:open_barrel":1,"minecraft:bell_ring":21,"minecraft:damage_dealt_resisted":0,"minecraft:leave_game":7,"minecraft:time_since_death":136312,"minecraft:climb_one_cm":2284,"minecraft:damage_resisted":0,"minecraft:sprint_one_cm":275966,"minecraft:walk_one_cm":369716,"minecraft:drop":50,"minecraft:talked_to_villager":36,"minecraft:play_time":136312,"minecraft:sneak_time":10922,"minecraft:walk_under_water_one_cm":2462,"minecraft:boat_one_cm":46168,"minecraft:jump":2418,"minecraft:walk_on_water_one_cm":11280,"minecraft:total_world_time":136312,"minecraft:interact_with_furnace":1,"minecraft:traded_with_villager":21,"minecraft:sleep_in_bed":8,"minecraft:hex":0,"minecraft:time_since_rest":15636,"minecraft:damage_taken":770,"minecraft:damage_dealt":6133,"minecraft:swim_one_cm":1338,"minecraft:fly_one_cm":521556,"minecraft:open_chest":67,"minecraft:crouch_one_cm":35777,"minecraft:interact_with_smoker":4,"minecraft:fall_one_cm":45511},"minecraft:crafted":{"minecraft:oak_planks":52,"minecraft:barrel":3,"minecraft:stone_shovel":2,"minecraft:oak_sign":3,"minecraft:spruce_button":6,"minecraft:cobblestone_stairs":4,"minecraft:bookshelf":1,"minecraft:iron_axe":1,"minecraft:spruce_slab":12,"minecraft:chest":1,"minecraft:spruce_boat":2,"minecraft:stone_hoe":1,"minecraft:oak_slab":18,"minecraft:wooden_shovel":1,"minecraft:emerald":21,"minecraft:spruce_sign":6,"minecraft:birch_planks":20,"minecraft:air":0,"justhammers:iron_hammer":1,"minecraft:lectern":1,"minecraft:white_wool":3,"minecraft:stick":20,"minecraft:iron_shovel":2,"minecraft:white_bed":3},"minecraft:dropped":{"minecraft:brown_mushroom":1,"minecraft:wheat_seeds":9,"minecraft:orange_tulip":4,"minecraft:cobblestone":13,"minecraft:fletching_table":1,"minecraft:red_mushroom":2,"bewitchment:aconite_seeds":2,"minecraft:dirt":12,"bewitchment:garlic":2,"minecraft:string":474,"twigs:twig":2,"minecraft:soul_soil":1,"minecraft:green_bed":2,"minecraft:rotten_flesh":9,"minecraft:poppy":1,"bewitchment:mandrake_seeds":1,"fishofthieves:earthworms":21,"minecraft:allium":5,"minecraft:spider_eye":2,"minecraft:lectern":1},"minecraft:broken":{"minecraft:stone_sword":1,"minecraft:stone_axe":1,"minecraft:stone_shovel":2}},"DataVersion":3465}