{"stats":{"minecraft:picked_up":{"minecraft:birch_log":5,"regions_unexplored:peat_dirt":1,"minecraft:iron_chestplate":1,"modern_industrialization:lignite_coal":15,"minecraft:allium":15,"minecraft:basalt":2,"minecraft:redstone_block":1,"botania:black_double_flower":1,"minecraft:brown_mushroom":1,"minecraft:smoker":5,"minecraft:red_mushroom":2,"minecraft:oak_log":6,"bewitchment:aconite_seeds":2,"minecraft:dirt":221,"minecraft:string":1499,"minecraft:soul_soil":1,"immersive_melodies:lute":1,"minecraft:wheat_seeds":4,"minecraft:iron_ingot":1,"twigs:pebble":2,"bewitchment:mandrake_seeds":1,"minecraft:beef":3,"regions_unexplored:pink_bioshroom":1,"minecraft:oak_boat":14,"fishofthieves:earthworms":24,"twigs:twig":2,"minecraft:poppy":3,"minecraft:fletching_table":1,"minecraft:spruce_slab":15,"minecraft:oak_planks":6,"minecraft:raw_iron":5,"botania:yellow_mystical_flower":1,"minecraft:green_bed":20,"justhammers:iron_hammer":1,"minecraft:white_bed":2,"minecraft:grass_block":1,"minecraft:redstone":7,"minecraft:spider_eye":2,"travelersbackpack:standard":1,"minecraft:rotten_flesh":21,"bewitchment:garlic":2,"minecraft:spruce_boat":4,"minecraft:spruce_button":3,"minecraft:bread":29,"bewitchment:ectoplasm":2,"minecraft:coal":176,"minecraft:cobblestone":66,"minecraft:ender_pearl":1},"minecraft:used":{"minecraft:water_bucket":18,"minecraft:stone_sword":114,"minecraft:cobblestone_stairs":2,"minecraft:stone_shovel":269,"minecraft:spruce_slab":19,"minecraft:oak_planks":16,"botania:yellow_mystical_flower":1,"minecraft:chest":1,"minecraft:wooden_shovel":25,"minecraft:green_bed":18,"minecraft:iron_chestplate":1,"minecraft:dirt":223,"minecraft:hopper":1,"minecraft:white_bed":5,"regions_unexplored:pink_bioshroom":1,"minecraft:smoker":5,"justhammers:iron_hammer":22,"minecraft:spruce_boat":5,"minecraft:bread":19,"minecraft:string":1,"minecraft:spruce_button":9,"minecraft:barrel":3,"minecraft:stone_axe":33,"minecraft:cobblestone":64,"travelersbackpack:standard":2,"minecraft:bucket":17,"minecraft:oak_boat":14,"twigs:pebble":1},"minecraft:killed":{"minecraft:spider":3,"bewitchment:ghost":1,"minecraft:zombie":13,"minecraft:cow":1,"minecraft:enderman":1},"minecraft:mined":{"twigs:pebble":2,"minecraft:white_bed":2,"minecraft:smoker":5,"regions_unexplored:pink_bioshroom_block":1,"minecraft:spruce_button":3,"minecraft:allium":6,"minecraft:grass_block":168,"regions_unexplored:peat_grass_block":1,"minecraft:oak_planks":6,"botania:black_double_flower":1,"minecraft:tall_grass":3,"minecraft:soul_campfire":1,"minecraft:cobblestone":2,"minecraft:red_mushroom":1,"minecraft:large_fern":1,"minecraft:birch_log":5,"treechop:chopped_log":1,"minecraft:fletching_table":1,"minecraft:grass":27,"minecraft:dirt_path":3,"minecraft:vine":1,"minecraft:dirt":48,"minecraft:tripwire":1,"minecraft:spruce_slab":16,"minecraft:green_bed":3,"minecraft:fern":1},"minecraft:custom":{"minecraft:interact_with_furnace":1,"minecraft:mob_kills":22,"minecraft:traded_with_villager":21,"minecraft:interact_with_crafting_table":18,"minecraft:open_barrel":1,"minecraft:bell_ring":18,"minecraft:damage_dealt_resisted":0,"minecraft:leave_game":7,"minecraft:time_since_death":100312,"minecraft:climb_one_cm":1214,"minecraft:sleep_in_bed":5,"minecraft:hex":0,"minecraft:time_since_rest":1264,"minecraft:sprint_one_cm":195505,"minecraft:damage_taken":515,"minecraft:walk_one_cm":275487,"minecraft:drop":36,"minecraft:damage_dealt":3674,"minecraft:swim_one_cm":1338,"minecraft:talked_to_villager":29,"minecraft:fly_one_cm":360969,"minecraft:open_chest":50,"minecraft:crouch_one_cm":19829,"minecraft:play_time":100312,"minecraft:sneak_time":3762,"minecraft:walk_under_water_one_cm":2156,"minecraft:boat_one_cm":46089,"minecraft:jump":1676,"minecraft:walk_on_water_one_cm":4053,"minecraft:total_world_time":100312,"minecraft:interact_with_smoker":4,"minecraft:fall_one_cm":30344},"minecraft:crafted":{"minecraft:wooden_shovel":1,"minecraft:oak_sign":3,"minecraft:oak_planks":24,"minecraft:stone_shovel":2,"minecraft:barrel":3,"minecraft:emerald":21,"minecraft:spruce_sign":6,"minecraft:spruce_button":6,"minecraft:cobblestone_stairs":4,"minecraft:birch_planks":20,"minecraft:air":0,"minecraft:white_wool":3,"minecraft:spruce_slab":12,"minecraft:stick":12,"minecraft:chest":1,"minecraft:white_bed":3,"minecraft:spruce_boat":2},"minecraft:dropped":{"minecraft:brown_mushroom":1,"minecraft:soul_soil":1,"minecraft:wheat_seeds":7,"minecraft:green_bed":2,"minecraft:orange_tulip":4,"minecraft:cobblestone":13,"minecraft:rotten_flesh":5,"minecraft:fletching_table":1,"minecraft:red_mushroom":2,"bewitchment:aconite_seeds":2,"minecraft:dirt":11,"bewitchment:mandrake_seeds":1,"minecraft:allium":5,"fishofthieves:earthworms":18,"bewitchment:garlic":2,"minecraft:spider_eye":2,"minecraft:string":472,"twigs:twig":2},"minecraft:broken":{"minecraft:stone_shovel":2}},"DataVersion":3465}