{"stats":{"minecraft:picked_up":{"minecraft:iron_chestplate":1,"modern_industrialization:lignite_coal":15,"minecraft:allium":19,"minecraft:redstone_block":1,"minecraft:brown_mushroom":2,"botania:black_double_flower":1,"minecraft:string":1502,"minecraft:soul_soil":1,"immersive_melodies:lute":1,"minecraft:candle":4,"twigs:pebble":3,"minecraft:beef":3,"minecraft:oak_boat":14,"minecraft:cobblestone_slab":1,"minecraft:lectern":3,"minecraft:poppy":5,"minecraft:spruce_slab":15,"minecraft:raw_iron":5,"minecraft:green_bed":20,"botania:yellow_mystical_flower":1,"minecraft:redstone":7,"botania:white_mystical_flower":1,"minecraft:arrow":3,"minecraft:rotten_flesh":23,"bewitchment:garlic":2,"minecraft:cobblestone":80,"minecraft:birch_log":8,"regions_unexplored:peat_dirt":1,"minecraft:basalt":2,"minecraft:birch_slab":5,"minecraft:water_bucket":1,"minecraft:smoker":5,"minecraft:red_mushroom":5,"minecraft:potato":24,"minecraft:oak_log":19,"bewitchment:aconite_seeds":3,"minecraft:dirt":333,"botania:black_mystical_flower":3,"minecraft:wheat_seeds":12,"bewitchment:mandrake_seeds":1,"minecraft:iron_ingot":10,"regions_unexplored:pink_bioshroom":1,"fishofthieves:earthworms":36,"minecraft:fletching_table":1,"twigs:twig":8,"minecraft:oak_planks":50,"minecraft:book":11,"minecraft:oak_slab":23,"minecraft:birch_boat":1,"justhammers:iron_hammer":1,"bewitchment:belladonna_seeds":2,"minecraft:white_bed":2,"minecraft:grass_block":1,"minecraft:spider_eye":2,"travelersbackpack:standard":1,"minecraft:spruce_boat":5,"minecraft:spruce_sign":2,"minecraft:spruce_button":3,"minecraft:emerald":2,"minecraft:bread":29,"minecraft:baked_potato":98,"bewitchment:ectoplasm":2,"minecraft:oak_sapling":3,"minecraft:coal":176,"minecraft:ender_pearl":1},"minecraft:used":{"minecraft:iron_shovel":107,"minecraft:stone_sword":131,"minecraft:spruce_slab":19,"minecraft:stone_shovel":269,"minecraft:oak_sign":3,"minecraft:chest":1,"minecraft:wooden_shovel":36,"minecraft:stone_hoe":17,"minecraft:iron_chestplate":1,"minecraft:dirt":230,"minecraft:hopper":1,"minecraft:carrot":2,"minecraft:spruce_boat":6,"minecraft:lava_bucket":2,"minecraft:iron_axe":118,"minecraft:spruce_button":9,"minecraft:barrel":3,"minecraft:potato":8,"minecraft:water_bucket":62,"minecraft:cobblestone_stairs":2,"minecraft:baked_potato":2,"minecraft:oak_planks":75,"botania:yellow_mystical_flower":1,"minecraft:birch_boat":1,"minecraft:spruce_sign":8,"minecraft:green_bed":18,"minecraft:oak_slab":37,"minecraft:crossbow":3,"minecraft:white_bed":5,"regions_unexplored:pink_bioshroom":1,"justhammers:iron_hammer":30,"minecraft:smoker":5,"minecraft:diamond_pickaxe":3,"minecraft:bread":33,"minecraft:birch_slab":9,"minecraft:string":1,"minecraft:lectern":3,"minecraft:stone_axe":66,"twigs:twig":1,"minecraft:cobblestone":70,"travelersbackpack:standard":2,"minecraft:smithing_table":2,"minecraft:bucket":64,"minecraft:oak_boat":14,"twigs:pebble":1},"minecraft:killed":{"minecraft:spider":3,"bewitchment:ghost":1,"minecraft:skeleton":1,"minecraft:iron_golem":3,"minecraft:pillager":2,"minecraft:zombie":14,"minecraft:cow":1,"minecraft:enderman":2},"minecraft:mined":{"minecraft:white_bed":2,"minecraft:farmland":1,"minecraft:candle":1,"regions_unexplored:pink_bioshroom_block":1,"minecraft:allium":6,"minecraft:grass_block":260,"twigs:twig":1,"minecraft:soul_campfire":1,"botania:black_double_flower":1,"minecraft:birch_slab":5,"minecraft:red_mushroom":1,"minecraft:large_fern":1,"treechop:chopped_log":4,"minecraft:fletching_table":1,"minecraft:potatoes":8,"minecraft:vine":1,"minecraft:cobblestone_slab":1,"minecraft:dirt_path":6,"minecraft:spruce_slab":16,"minecraft:green_bed":3,"minecraft:tripwire":1,"minecraft:oak_slab":22,"twigs:pebble":2,"minecraft:smoker":5,"minecraft:spruce_button":3,"regions_unexplored:peat_grass_block":1,"minecraft:lectern":2,"minecraft:spruce_wall_sign":1,"minecraft:tall_grass":3,"minecraft:cobblestone":11,"minecraft:oak_planks":53,"minecraft:spruce_sign":1,"minecraft:birch_log":5,"minecraft:grass":41,"botania:white_mystical_flower":1,"minecraft:dirt":67,"minecraft:fern":1},"minecraft:crafted":{"minecraft:oak_planks":76,"minecraft:barrel":3,"minecraft:stone_shovel":2,"minecraft:oak_sign":3,"minecraft:spruce_button":6,"minecraft:birch_boat":1,"minecraft:birch_slab":6,"minecraft:cobblestone_stairs":4,"minecraft:bookshelf":1,"minecraft:iron_axe":1,"minecraft:spruce_slab":12,"minecraft:chest":1,"minecraft:spruce_boat":2,"minecraft:stone_hoe":1,"minecraft:oak_slab":18,"minecraft:wooden_shovel":1,"minecraft:emerald":68,"minecraft:spruce_sign":6,"minecraft:smithing_table":2,"minecraft:birch_planks":32,"minecraft:air":0,"justhammers:iron_hammer":1,"minecraft:lectern":1,"minecraft:white_wool":3,"minecraft:diamond_pickaxe":1,"minecraft:stick":20,"minecraft:iron_shovel":3,"minecraft:white_bed":3},"minecraft:custom":{"minecraft:interact_with_smithing_table":2,"lootr:looted_stat":2,"minecraft:mob_kills":31,"minecraft:interact_with_crafting_table":24,"minecraft:open_barrel":1,"minecraft:bell_ring":21,"minecraft:damage_dealt_resisted":0,"minecraft:leave_game":10,"minecraft:time_since_death":162502,"minecraft:climb_one_cm":2570,"minecraft:damage_resisted":0,"minecraft:sprint_one_cm":335507,"minecraft:walk_one_cm":427852,"minecraft:drop":75,"minecraft:talked_to_villager":85,"minecraft:play_time":162502,"minecraft:sneak_time":11982,"minecraft:walk_under_water_one_cm":2684,"minecraft:boat_one_cm":48165,"minecraft:jump":2916,"minecraft:walk_on_water_one_cm":11954,"minecraft:total_world_time":162502,"minecraft:interact_with_furnace":1,"minecraft:traded_with_villager":70,"minecraft:sleep_in_bed":9,"minecraft:hex":0,"minecraft:time_since_rest":19532,"minecraft:damage_taken":921,"minecraft:damage_dealt":7763,"minecraft:swim_one_cm":1338,"minecraft:fly_one_cm":638582,"minecraft:open_chest":82,"minecraft:crouch_one_cm":38516,"minecraft:interact_with_smoker":6,"minecraft:fall_one_cm":56301},"minecraft:dropped":{"minecraft:water_bucket":1,"minecraft:candle":4,"minecraft:brown_mushroom":2,"minecraft:wheat_seeds":16,"minecraft:orange_tulip":4,"minecraft:cobblestone":14,"minecraft:fletching_table":1,"minecraft:red_mushroom":5,"bewitchment:aconite_seeds":2,"minecraft:dirt":12,"bewitchment:garlic":2,"minecraft:string":740,"botania:white_mystical_flower":1,"bewitchment:belladonna_seeds":1,"twigs:twig":7,"minecraft:soul_soil":1,"minecraft:green_bed":2,"minecraft:rotten_flesh":9,"minecraft:oak_planks":3,"minecraft:poppy":2,"minecraft:cobblestone_slab":1,"bewitchment:mandrake_seeds":1,"minecraft:allium":5,"fishofthieves:earthworms":21,"minecraft:wooden_shovel":1,"minecraft:spider_eye":2,"minecraft:lectern":1},"minecraft:broken":{"minecraft:stone_sword":1,"minecraft:iron_axe":1,"minecraft:stone_axe":1,"minecraft:stone_shovel":2}},"DataVersion":3465}