{"stats":{"minecraft:custom":{"minecraft:interact_with_furnace":1,"minecraft:mob_kills":22,"minecraft:traded_with_villager":1,"minecraft:interact_with_crafting_table":15,"minecraft:open_barrel":1,"minecraft:bell_ring":18,"minecraft:damage_dealt_resisted":0,"minecraft:leave_game":7,"minecraft:time_since_death":88152,"minecraft:sleep_in_bed":4,"minecraft:climb_one_cm":1022,"minecraft:hex":0,"minecraft:time_since_rest":11963,"minecraft:sprint_one_cm":171693,"minecraft:damage_taken":515,"minecraft:walk_one_cm":237992,"minecraft:drop":33,"minecraft:damage_dealt":3674,"minecraft:swim_one_cm":1338,"minecraft:talked_to_villager":20,"minecraft:fly_one_cm":296006,"minecraft:open_chest":36,"minecraft:crouch_one_cm":18384,"minecraft:play_time":88152,"minecraft:sneak_time":3422,"minecraft:walk_under_water_one_cm":1790,"minecraft:boat_one_cm":46089,"minecraft:jump":1412,"minecraft:walk_on_water_one_cm":3393,"minecraft:total_world_time":88152,"minecraft:interact_with_smoker":4,"minecraft:fall_one_cm":26315},"minecraft:broken":{"minecraft:stone_shovel":1},"minecraft:picked_up":{"minecraft:birch_log":5,"regions_unexplored:peat_dirt":1,"minecraft:iron_chestplate":1,"modern_industrialization:lignite_coal":15,"minecraft:allium":12,"minecraft:basalt":2,"minecraft:redstone_block":1,"minecraft:brown_mushroom":1,"minecraft:smoker":5,"minecraft:red_mushroom":2,"bewitchment:aconite_seeds":2,"minecraft:dirt":202,"minecraft:string":1498,"minecraft:soul_soil":1,"immersive_melodies:lute":1,"minecraft:wheat_seeds":3,"minecraft:iron_ingot":1,"twigs:pebble":2,"bewitchment:mandrake_seeds":1,"minecraft:beef":3,"regions_unexplored:pink_bioshroom":1,"minecraft:oak_boat":14,"fishofthieves:earthworms":22,"minecraft:poppy":3,"minecraft:fletching_table":1,"minecraft:spruce_slab":15,"minecraft:raw_iron":5,"minecraft:green_bed":20,"justhammers:iron_hammer":1,"minecraft:white_bed":2,"minecraft:grass_block":1,"minecraft:redstone":7,"minecraft:spider_eye":2,"minecraft:rotten_flesh":21,"bewitchment:garlic":2,"minecraft:spruce_boat":4,"minecraft:spruce_button":3,"minecraft:bread":29,"bewitchment:ectoplasm":2,"minecraft:coal":176,"minecraft:cobblestone":65,"minecraft:ender_pearl":1},"minecraft:mined":{"twigs:pebble":2,"minecraft:white_bed":2,"minecraft:smoker":5,"regions_unexplored:pink_bioshroom_block":1,"minecraft:spruce_button":3,"minecraft:allium":5,"minecraft:grass_block":149,"regions_unexplored:peat_grass_block":1,"minecraft:tall_grass":3,"minecraft:soul_campfire":1,"minecraft:cobblestone":1,"minecraft:red_mushroom":1,"minecraft:large_fern":1,"minecraft:birch_log":5,"minecraft:fletching_table":1,"minecraft:grass":25,"minecraft:dirt_path":3,"minecraft:vine":1,"minecraft:dirt":48,"minecraft:spruce_slab":16,"minecraft:green_bed":3,"minecraft:fern":1},"minecraft:dropped":{"minecraft:brown_mushroom":1,"minecraft:soul_soil":1,"minecraft:wheat_seeds":7,"minecraft:green_bed":2,"minecraft:orange_tulip":4,"minecraft:cobblestone":12,"minecraft:rotten_flesh":5,"minecraft:fletching_table":1,"minecraft:red_mushroom":2,"bewitchment:aconite_seeds":2,"minecraft:dirt":11,"bewitchment:mandrake_seeds":1,"minecraft:allium":5,"fishofthieves:earthworms":9,"bewitchment:garlic":2,"minecraft:spider_eye":2,"minecraft:string":472},"minecraft:crafted":{"minecraft:stone_shovel":2,"minecraft:barrel":3,"minecraft:emerald":1,"minecraft:spruce_button":6,"minecraft:cobblestone_stairs":4,"minecraft:birch_planks":20,"minecraft:air":0,"minecraft:white_wool":3,"minecraft:spruce_slab":12,"minecraft:stick":4,"minecraft:white_bed":3,"minecraft:spruce_boat":2},"minecraft:killed":{"minecraft:spider":3,"bewitchment:ghost":1,"minecraft:zombie":13,"minecraft:cow":1,"minecraft:enderman":1},"minecraft:used":{"minecraft:water_bucket":13,"minecraft:stone_sword":114,"minecraft:cobblestone_stairs":2,"minecraft:spruce_slab":19,"minecraft:stone_shovel":217,"minecraft:green_bed":18,"minecraft:iron_chestplate":1,"minecraft:dirt":201,"minecraft:white_bed":5,"regions_unexplored:pink_bioshroom":1,"minecraft:smoker":5,"justhammers:iron_hammer":21,"minecraft:spruce_boat":5,"minecraft:bread":19,"minecraft:spruce_button":9,"minecraft:barrel":3,"minecraft:stone_axe":21,"minecraft:cobblestone":64,"minecraft:bucket":13,"minecraft:oak_boat":14,"twigs:pebble":1}},"DataVersion":3465}